;Tool;OS;Matrix;Relative error;Elapsed time;Mem;Min mem;Max mem;Avg mem;Delta mem
0;linux;matlab;cfd1.mat;1.190984e-13;1.9091170000000000;30.01;0.0;977.878906;472.52803575428567;977.878906
1;linux;matlab;ex15.mat;6.862023e-07;0.1456040000000000;1.72;0.0;550.1679690000001;387.9327047793103;550.1679690000001
2;linux;matlab;shallow_water1.mat;2.376799e-16;0.4326700000000000;7.50;0.0;597.2265620000001;400.21617181999994;597.2265620000001
3;linux;octave;cfd1.mat;1.83349e-14;8.1170051097869873;30.01;0.972656;350.882812;238.84797077181204;349.91015600000003
4;linux;octave;ex15.mat;6.37304e-07;0.0417029857635498;1.72;0.0;81.160156;44.572916666666664;81.160156
5;linux;octave;shallow_water1.mat;2.41914e-16;1.2808508872985840;7.50;0.96875;135.335938;110.80121540740741;134.367188
6;linux;python;cfd1.mat;1.8334919784499647e-14;8.026116847991943;22.27;1.3046879999999998;290.40625;184.46518911564627;289.101562
7;linux;python;ex15.mat;6.373039892025257e-07;0.03591775894165039;1.29;1.300781;45.9375;26.0625;44.636719
8;linux;python;shallow_water1.mat;2.4191432592763325e-16;1.220919132232666;5.34;1.3046879999999998;92.246094;70.18200237037038;90.941406
