;Tool;OS;Matrix;Relative error;Elapsed time;Mem;Min mem;Max mem;Avg mem;Delta mem
0;linux;matlab;cfd1.mat;1.190984e-13;1.8970819999999999;30.01;0.765625;976.175781;475.15055995375724;975.410156
1;linux;matlab;ex15.mat;6.862023e-07;0.1491290000000000;1.72;0.7617189999999999;547.4921879999999;390.6168806785715;546.730469
2;linux;matlab;shallow_water1.mat;2.376799e-16;0.4548860000000000;7.50;0.765625;598.9570309999999;400.8306155704698;598.1914059999999
3;linux;octave;cfd1.mat;1.83349e-14;8.1113190650939941;30.01;0.964844;351.75390600000003;240.51915927891156;350.789062
4;linux;octave;ex15.mat;6.37304e-07;0.0433189868927002;1.72;0.957031;81.425781;58.045573;80.46875
5;linux;octave;shallow_water1.mat;2.41914e-16;1.2477710247039795;7.50;1.0078120000000002;135.222656;110.65104159259259;134.214844
6;linux;python;cfd1.mat;1.8334919784499647e-14;7.9464099407196045;22.26;1.300781;289.33203100000003;182.90320573103446;288.03125000000006
7;linux;python;ex15.mat;6.373039892025257e-07;0.03601884841918945;1.28;1.3046879999999998;45.664062;26.121744833333334;44.359374
8;linux;python;shallow_water1.mat;2.4191432592763325e-16;1.241645336151123;5.34;1.296875;92.773438;70.8275464074074;91.476563
